normalized_name,country,source
1 on trending for finance,GB,YouTube explicit
48 hours,US,YouTube explicit
a closer look late night with seth meyers,US,YouTube explicit
acharya shri kaushik ji maharaj कथ वचक podcast,IN,YouTube explicit
all videos,US,YouTube explicit
beto ribeiro crime comportamento e mistério podcast,BR,YouTube explicit
bhoot dot com podcast,BD,YouTube explicit
big bulletin with hr ranganath,IN,YouTube explicit
breaking points,US,YouTube explicit
brian tyler cohen,US,YouTube explicit
bulwark super feed,US,YouTube explicit
bulwark takes,US,YouTube explicit
caso cerrado pleitos familiares con escándalo,US,YouTube explicit
ceo dan cinderella,ID,YouTube explicit
close the door podcast,ID,YouTube explicit
conan obrien needs a friend,US,YouTube explicit
cumicam indepth,ID,YouTube explicit
curhat bang denny sumargo,ID,YouTube explicit
dan wootton outspoken,GB,YouTube explicit
direito estatal podcast,US,YouTube explicit
dr insanity podcasts,US,YouTube explicit
farron balanced,US,YouTube explicit
figuring out with raj shamani,IN,YouTube explicit
financial audit,US,YouTube explicit
full surahs,US,YouTube explicit
global news geopolitical developments,IN,YouTube explicit
good mythical morning with rhett link,US,YouTube explicit
hablando huevadas podcast,PE,YouTube explicit
hoy en negocios televisión,ES,YouTube explicit
ihip news,US,YouTube explicit
india explained,IN,YouTube explicit
intens investigasi,ID,YouTube explicit
jabab chay bangla জবব চয় বল,IN,YouTube explicit
jack cocchiarella show,US,YouTube explicit
kill tony,US,YouTube explicit
la cotorrisa anecdotarios,MX,YouTube explicit
la cotorrisa episodios,MX,YouTube explicit
las alucines,MX,YouTube explicit
lawcrime sidebar with jesse weber,US,YouTube explicit
legal af podcast,US,YouTube explicit
malam mencekam podcast,ID,YouTube explicit
memoria del balón,CO,YouTube explicit
monólogos,MX,YouTube explicit
murder mystery makeup,US,YouTube explicit
nadie dice nada,AR,YouTube explicit
nbc nightly news with tom llamas,US,YouTube explicit
penitencia con saskia niño de rivera,MX,YouTube explicit
podcast,IN,YouTube explicit
podcast banglavision world news banglavision podcast,BD,YouTube explicit
podcast chunk,IN,YouTube explicit
podhub,ID,YouTube explicit
political analysis,IN,YouTube explicit
politik wirtschaft,DE,YouTube explicit
rita panahi,AU,YouTube explicit
rof daily updates,US,YouTube explicit
rolandmartinunfiltered,US,YouTube explicit
rotten mango,US,YouTube explicit
shawn ryan show,US,YouTube explicit
sky news all stars,AU,YouTube explicit
smosh reads reddit stories,US,YouTube explicit
sport shorts,AU,YouTube explicit
teenmaar varthalu by v6,IN,YouTube explicit
the adam mockler show,US,YouTube explicit
the devory darkins show,US,YouTube explicit
the diary of a ceo,GB,YouTube explicit
the intersection with michael popok,US,YouTube explicit
the joe rogan experience,US,YouTube explicit
the luke beasley show,US,YouTube explicit
the meidastouch podcast,US,YouTube explicit
the philip defranco show every montueswedthursfriday,US,YouTube explicit
the ramsey show highlights,US,YouTube explicit
the tucker carlson show,US,YouTube explicit
the why files operation podcast,US,YouTube explicit
the wild project 1vs1 cada jueves,ES,YouTube explicit
the wronged hour,IN,YouTube explicit
the young turks,US,YouTube explicit
this past weekend w theo von,US,YouTube explicit
timcast news stories,US,YouTube explicit
víctor y alba en vivo,CA,YouTube explicit
микола давидюк,UA,YouTube explicit
подкасти 24 каналу,UA,YouTube explicit
подкасти на 24 каналі,UA,YouTube explicit
подкасты мировая политика сша китай россия украина,US,YouTube explicit
свежие интервью,TR,YouTube explicit
уроки истории,RU,YouTube explicit
کلیپ کوتاه استند آپ کمدیهای مکس امینی,US,YouTube explicit
文昭思緒飛揚podcast,CA,YouTube explicit
文昭談古論今,CA,YouTube explicit
比特王新聞,SG,YouTube explicit
王局拍案,JP,YouTube explicit
聽重點新聞三立新聞台,TW,YouTube explicit
韓國留學生tv,KR,YouTube explicit
강펀치 매주 월 금_오전 10시 20분,KR,YouTube explicit
과학을 보다,KR,YouTube explicit
권순표의 뉴스 하이킥 2025,KR,YouTube explicit
김어준의 겸손은힘들다 뉴스공장,KR,YouTube explicit
백운기의 정치1번지,KR,YouTube explicit
언알바,KR,YouTube explicit
유선배 복지 콘텐츠 핑계고,KR,YouTube explicit
전수미의 뉴스인사이다 이승원의 뉴인사 프라임 am650,KR,YouTube explicit
