normalized_name,genre,source
crime junkie,True Crime,Amazon Category
armchair expert,Comedy,Amazon Category
the daily,News,Amazon Category
distractible,Comedy,Amazon Category
pardon my take,Sports,Amazon Category
shawn ryan,Society & Culture,Amazon Category
morbid,True Crime,Amazon Category
last on the left,True Crime,Amazon Category
dateline nbc,True Crime,Amazon Category
the mel robbins,Education,Amazon Category
bad friends,Comedy,Amazon Category
rotten mango,True Crime,Amazon Category
the ben shapiro,News,Amazon Category
mrballen strange dark mysterious stories,True Crime,Amazon Category
the megyn kelly,News,Amazon Category
smartless,Comedy,Amazon Category
my favorite murder,True Crime,Amazon Category
pod save america,News,Amazon Category
stuff you should know,Society & Culture,Amazon Category
conan obrien needs a friend,Comedy,Amazon Category
the ramsey,Business,Amazon Category
48 hours,True Crime,Amazon Category
2020,True Crime,Amazon Category
small town murder,Comedy,Amazon Category
vince,News,Amazon Category
the deck,True Crime,Amazon Category
sword and scale,Society & Culture,Amazon Category
npr news now,News,Amazon Category
redhanded,True Crime,Amazon Category
安住紳一郎の日曜天国,Leisure,Amazon Category
die nervigen,Comedy,Amazon Category
mrballens medical mysteries,True Crime,Amazon Category
la corneta,Comedy,Amazon Category
dick doof,Comedy,Amazon Category
äffchen mit käffchen,Comedy,Amazon Category
la corneta extendida,Comedy,Amazon Category
mordlust,True Crime,Amazon Category
wow in the world,Kids & Family,Amazon Category
die drei rabauken,Comedy,Amazon Category
mord auf ex,True Crime,Amazon Category
snapped women who murder,True Crime,Amazon Category
up first from npr,News,Amazon Category
relatos de la noche,Fiction,Amazon Category
kottbruder germanletsplay paluten,Comedy,Amazon Category
hobbylos,Comedy,Amazon Category
kurt krömer feelings,Comedy,Amazon Category
wissen mit johnny,Education,Amazon Category
la cotorrisa,Comedy,Amazon Category
kaulitz hills senf aus hollywood,Comedy,Amazon Category
大久保佳代子とらぶぶらlove,Comedy,Amazon Category
greeking out from national geographic kids,Kids & Family,Amazon Category
歴史を面白く学ぶコテンラジオ coten radio,History,Amazon Category
checkpod der mit checker tobi,Kids & Family,Amazon Category
muttersöhnchen,Leisure,Amazon Category
verbrechen von nebenan true crime aus der nachbarschaft,True Crime,Amazon Category
la zanzara,News,Amazon Category
baywatch berlin,Comedy,Amazon Category
nadie sabe nada,Comedy,Amazon Category
casefile true crime,True Crime,Amazon Category
anatomy of murder,True Crime,Amazon Category
panda picante,Comedy,Amazon Category
lanz precht,News,Amazon Category
cold case files,True Crime,Amazon Category
the rest is history,History,Amazon Category
joel osteen,Religion & Spirituality,Amazon Category
wsj whats news,News,Amazon Category
legend,News,Amazon Category
edeltalk mit dominik kevin,Comedy,Amazon Category
shged married annoyed,Comedy,Amazon Category
park predators,True Crime,Amazon Category
redacted declassified mysteries,History,Amazon Category
ダイアンのtokyo style,Comedy,Amazon Category
ながら日経,News,Amazon Category
something was wrong,Society & Culture,Amazon Category
マユリカのうなげろりん,Comedy,Amazon Category
lo zoo di 105,Comedy,Amazon Category
watch what crappens,TV & Film,Amazon Category
the rest is politics,News,Amazon Category
英語で雑談kevins english room plus,Education,Amazon Category
最新回のみ辛坊治郎 ズーム そこまで言うか,News,Amazon Category
wait wait dont tell me,Comedy,Amazon Category
英語聞き流し sakura english,Education,Amazon Category
scamfluencers,Society & Culture,Amazon Category
history daily,History,Amazon Category
help i sexted my boss,Comedy,Amazon Category
the stories of mahabharata,Arts,Amazon Category
the vanished,True Crime,Amazon Category
killer psyche,True Crime,Amazon Category
parenting hell,Comedy,Amazon Category
verbrechen,True Crime,Amazon Category
apokalypse filterkaffee,News,Amazon Category
leyendas legendarias,Comedy,Amazon Category
aktenzeichen xy unvergessene verbrechen,True Crime,Amazon Category
空気階段の踊り場,Comedy,Amazon Category
bedtime stories,True Crime,Amazon Category
gemischtes hack,Comedy,Amazon Category
american history tellers,History,Amazon Category
run fool,True Crime,Amazon Category
não inviabilize,Fiction,Amazon Category
the tucker carlson,News & Politics,Tavily research: Political commentary
lex friedman,Interview & Talk,"Tavily research: AI, science, and technology interviews"
call her daddy,Interview & Talk,Tavily research: Comedy and advice podcast
huberman lab,Education,Tavily research: Neuroscience and health education
new heights,Sports,Tavily research: NFL and sports commentary
the breakfast club,Entertainment,Tavily research: Hip-hop culture and celebrity interviews
on purpose,Interview & Talk,Tavily research: Wellness and personal development
two hot takes,Comedy,Tavily research: Reddit reaction comedy
mrballen medical mysteries,True Crime,Tavily research: Medical mystery true crime
serial,True Crime,Tavily research: Investigative journalism
this american life,Society & Culture,Tavily research: Human interest stories
the meidastouch,News & Politics,Tavily research: Progressive political commentary podcast
the joe rogan experience,Interview & Talk,Tavily research: Long-form conversations and interviews
good mythical morning,Comedy,Tavily research: Comedy variety show
김어준의 겸손은힘들다 뉴스공장,News & Politics,Tavily research: Korean news and political commentary
breaking points,News & Politics,Tavily research: Political commentary and analysis
this past weekend,Comedy,Tavily research: Comedy podcast with Theo Von
kill tony,Comedy,Tavily research: Live comedy podcast
the toast,Comedy,Tavily research: Comedy podcast by Claudia and Jackie Oshry
smosh reads reddit stories,Comedy,Tavily research: Reddit reaction comedy
financial audit,Business,Tavily research: Personal finance analysis
murder mystery makeup,True Crime,Tavily research: True crime with makeup tutorials
the diary of a ceo,Business,Tavily research: Steven Bartlett business/entrepreneurship interview podcast
rita panahi,News & Politics,Tavily research: Sky News Australia political commentary show
brian tyler cohen,News & Politics,Tavily research: Progressive political commentary podcast 'No Lie'
the luke beasley,News & Politics,Tavily research: Progressive political commentary program
권순표의 뉴스 하이킥 2025,News & Politics,Tavily research: Korean news and political commentary show
political analysis,News & Politics,Tavily research: Political analysis and commentary content
hoy en negocios televisión,News & Politics,Tavily research: Spanish business and news television program
banglavision world news banglavision,News & Politics,Tavily research: Bangladeshi news and current affairs
lawcrime sidebar,True Crime,Tavily research: Law & Crime legal analysis and trial coverage podcast
the why files operation,Education,"Tavily research: Science, paranormal, and mystery educational content"
víctor y alba en vivo,Entertainment,Tavily research: Spanish-language entertainment show
close the door,Entertainment,Tavily research: Indonesian entertainment content
figuring out,Entertainment,Tavily research: Indian entertainment and lifestyle content
podhub,Entertainment,Tavily research: Indonesian entertainment podcast hub
ihip news,News & Politics,Tavily research: News and current affairs content
dr insanity podcasts,Entertainment,Tavily research: Entertainment and commentary content
the devory darkins,News & Politics,Tavily research: Political commentary and news analysis
curhat bang denny sumargo,Entertainment,Tavily research: Indonesian celebrity interview and entertainment
ceo dan cinderella,Business,Tavily research: Indonesian business and entrepreneurship content
las alucines,Comedy,Tavily research: Mexican comedy and entertainment content
teenmaar varthalu by v6,News & Politics,Tavily research: Indian Telugu news and current affairs
full surahs,Society & Culture,Tavily research: Islamic religious and cultural content
a closer look late night,Comedy,Tavily research: Late night comedy commentary content
matt and shanes secret,Comedy,Tavily research: Comedy podcast by Matt McCusker and Shane Gillis
candace,News & Politics,Tavily research: Candace Owens political commentary
creepcast,Entertainment,Tavily research: Horror and creepy story entertainment content
pbd,Business,Tavily research: Patrick Bet-David business and entrepreneurship podcast
giggly squad,Comedy,Tavily research: Comedy podcast by Hannah Berner and Paige DeSorbo
the basement yard,Comedy,Tavily research: Comedy podcast by Joe Santagato and Frankie Alvarez
2 bears 1 cave,Comedy,Tavily research: Comedy podcast by Tom Segura and Bert Kreischer
lex fridman,Interview & Talk,"Tavily research: AI, science, and technology interview podcast"
your moms house,Comedy,Tavily research: Comedy podcast by Tom Segura and Christina Pazsitzky
conspiracy theories,Entertainment,Tavily research: Conspiracy theory entertainment content
the rewatchables,Entertainment,Tavily research: Movie discussion and entertainment podcast
murder,True Crime,Tavily research: True crime content and stories
serial killers,True Crime,Tavily research: True crime podcast about serial killers
behind the bastards,Education,Tavily research: Historical education about controversial figures
critical role,Entertainment,Tavily research: Dungeons & Dragons entertainment content
the viall files,Interview & Talk,Tavily research: Nick Viall relationship and interview podcast
club random,Interview & Talk,Tavily research: Bill Maher interview and discussion podcast
