show_name,genre,source,description
The DeVory Darkins Show,News & Politics,Research,Political commentary and current events
FULL SURAHS,Religion & Spirituality,Research,Islamic religious content
A Closer Look - Late Night with Seth Meyers,Comedy & Entertainment,Research,Late night comedy and political satire
Breaking Points,News & Politics,Research,Independent political news and analysis
Farron Balanced,News & Politics,Research,Progressive political commentary
Smosh Reads Reddit Stories,Comedy & Entertainment,Research,Comedy content reading Reddit posts
Bulwark Takes,News & Politics,Research,Conservative political commentary
Legal AF Podcast,News & Law,Research,Legal analysis and political commentary
کلیپ کوتاه استند آپ کمدی‌های مکس امینی,Comedy,Research,Persian stand-up comedy clips
The Adam Mockler Show,News & Politics,Research,Political commentary and analysis
Financial Audit,Business & Finance,Research,Personal finance and money management
This Past Weekend w/ Theo Von,Comedy & Interview,Research,Comedy and interview show
NBC Nightly News with Tom Llamas,News,Research,Evening news program
The Ramsey Show Highlights,Business & Finance,Research,Financial advice and money management
Timcast News Stories,News & Politics,Research,Independent news and political commentary
ROF Daily Updates,News,Research,Daily news updates
Подкасты - Мировая политика: США Китай Россия Украина,News & Politics,Research,Russian political analysis podcast
Shawn Ryan Show,Interview & Military,Research,Interview show with military/law enforcement focus
Caso Cerrado - Pleitos familiares con escándalo,Entertainment & Lifestyle,Research,Spanish family court/reality show
The Philip DeFranco Show (Every Mon-Tues-Wed-Thurs-Friday!),News & Commentary,Research,Daily news and commentary show
The Intersection with Michael Popok,News & Law,Research,Legal and political analysis
Direito Estatal (Podcast),Education & Law,Research,Brazilian legal education podcast
Conan O'Brien Needs A Friend,Comedy & Interview,Research,Comedy interview show
Bulwark Super Feed,News & Politics,Research,Conservative political commentary feed
Jack Cocchiarella Show,Sports & Commentary,Research,Sports talk and commentary
#RolandMartinUnfiltered,News & Politics,Research,Political commentary and current events
All Videos,Miscellaneous,Research,General content compilation
The Young Turks,News & Politics,Research,Progressive political commentary and news
Murder Mystery & Makeup,True Crime & Beauty,Research,True crime stories with makeup tutorials
Wait Wait... Don't Tell Me!,Comedy & News,Research,NPR comedy news quiz show
Crook County,True Crime,Research,True crime investigative podcast
The Herd with Colin Cowherd,Sports,Research,Sports talk and analysis
Not Gonna Lie with Kylie Kelce,Sports & Lifestyle,Research,Sports and lifestyle from NFL perspective
Good Hang with Amy Poehler,Comedy & Interview,Research,Comedy interview and conversation show
Hidden Brain,Science & Psychology,Research,NPR psychology and human behavior podcast