playlisturl,playlist_name,watchtime_hrs,views,num_2025_videos,FeatureCountry
www.youtube.com/playlist?list=PL36GQAccexbwFPOGmbf5pFE32VmyC7ui3,The MeidasTouch Podcast,113385942.4,1002173119,1322,US
www.youtube.com/playlist?list=PLk1Sqn_f33KuWf3tW9BBe_4TP7x8l0m3T,The Joe Rogan Experience,240131219.3,395225451,137,US
www.youtube.com/playlist?list=PLJ49NV73ttrvdqf3b1icOXusZabXitci9,Good Mythical Morning with Rhett & Link,99778476.22,381450223,156,US
www.youtube.com/playlist?list=PLpDZdhM6kelSlKqvKUwMGwbZj1OynPDMR,ÍπÄÏñ¥Ï§ÄÏùò Í≤∏ÏÜêÏùÄÌûòÎì§Îã§ Îâ¥Ïä§Í≥µÏû•,252422093.7,378083239,184,KR
www.youtube.com/playlist?list=PL22egh3ok4cP0T7UZRmP6TMLErZYWMN-l,The Diary Of A CEO,107054460,297251858,72,GB
www.youtube.com/playlist?list=PL0tnUphMKDiR2aZMlF73I42CYmLf9qboR,V√≠ctor y Alba En Vivo,41563815.22,297017237,1116,CA
www.youtube.com/playlist?list=PL2OFHLSeLxlaGiO3UPKfHub50iLZvEyQS,Rita Panahi,39871315.67,276617957,1691,AU
www.youtube.com/playlist?list=PLsDkDDndB1qsQToK8Ec0E0F8x6iLHWv5O,Rotten Mango,141625962.5,272173696,50,US
www.youtube.com/playlist?list=PLe_K9e2LM-ikUnK9z7qYuhPZUaygHUvXe,Close The Door Podcast,80076746.3,268279184,68,ID
www.youtube.com/playlist?list=PLcFHkKbd_jTJiRmfUfLX2Ay_hnf5j3cxH,48 Hours,96419436.41,243134227,90,US
www.youtube.com/playlist?list=PLE0Jo6NF_JYO5-phess8GKafKMtPv3tfZ,Figuring Out With Raj Shamani,60258226.64,226101487,112,IN
www.youtube.com/playlist?list=PLe_K9e2LM-il7CzfCt82ABBbfuqf2trmI,PODHUB,87196677.38,223593360,35,ID
www.youtube.com/playlist?list=PLoW1SIeAWaWZYq0PyVsTAP7kQaPMEY810,Law&Crime Sidebar with Jesse Weber,37579260.83,220134599,615,US
www.youtube.com/playlist?list=PL-j1qqL5tzpdEd2rzTX3yKnmc90rxn8pO,Hoy en negocios televisi√≥n,15515543.48,212544965,4621,ES
www.youtube.com/playlist?list=PLCEH8lWGo0VHhFOLeIX8We8HZ07LqE2js,Podcast | BanglaVision World News | BanglaVision Podcast,26661174.21,211995492,262,BD
www.youtube.com/playlist?list=PLqCB8pKLc7sxDJ1Xwp0qaIYtHGf0ObRID,| Í∂åÏàúÌëúÏùò Îâ¥Ïä§ ÌïòÏù¥ÌÇ• 2025 |,50342537.03,211545104,1064,KR
www.youtube.com/playlist?list=PLAfCXicXM5OxoaZFmh--prVG_ZVTewMci,Political Analysis,29522121.75,211037107,551,IN
www.youtube.com/playlist?list=PLaEJLf99gDO5ESB0giCaJnXQtWnx1MDaY,The Why Files: Operation Podcast,81943499.81,209603521,29,US
www.youtube.com/playlist?list=PLF5VWY4OT9Ms5z8Lr7V5zKrwsn02jSOnJ,The Luke Beasley Show,19389386.18,208037065,825,US
www.youtube.com/playlist?list=PLa2mr0CgSHfgNL0ORZF2EA4tIFIYQOhYg,IHIP News,22264451.46,201783961,621,US
www.youtube.com/playlist?list=PLbuShuUyOZf38uFsn2BTTeUOiqpcH0fNS,Dr. Insanity Podcasts,55279235.13,201575840,18,US
www.youtube.com/playlist?list=PLOMpnzRkbFsi3sHbR6AAUePeX_UGEt6hP,Brian Tyler Cohen,19537519.55,201159210,357,US
www.youtube.com/playlist?list=PLh7sIKs8sn4oA-3aDGEn6PN5ILI7dL0dm,The DeVory Darkins Show,27777119.82,194946848,402,US
www.youtube.com/playlist?list=PLof30up96KhToXeFysP72ieYYVLdWUPL0,CURHAT BANG Denny Sumargo,52924319.81,187244333,38,ID
www.youtube.com/playlist?list=PLPtWR2RtPrrr1QomJQfC3srwE8pUfb5f-,CEO dan Cinderella,77613355.84,183591170,183,ID
www.youtube.com/playlist?list=PLC2-KiXcT58EwpQnMfMj8wHRx6TI0NBhU,Las Alucines,83573680.47,178377309,33,MX
www.youtube.com/playlist?list=PLqWR8kL7nAnXV-C5Iw4k7434Hjf8YUwx4,Teenmaar Varthalu by V6,24313549.19,177808738,260,IN
www.youtube.com/playlist?list=PLgVPcR3c2ZTQl42uoMbxxCU19lPqYz4dO,FULL SURAHS,79571334.36,174158679,969,US
www.youtube.com/playlist?list=PLJaq64dKJZoqsh7PGGUi-SARV4wUz_lVa,A Closer Look - Late Night with Seth Meyers,24771454.43,166421660,75,US
www.youtube.com/playlist?list=PLE7NSUpyv6SWUghI2uuPHc_lrE4mvPK5y,Ïú†ÏÑ†Î∞∞ Î≥µÏßÄ ÏΩòÌÖêÏ∏† üêìÌïëÍ≥ÑÍ≥†üêì,59706961.13,165307295,27,KR
www.youtube.com/playlist?list=PLR1VVi2S5xz9QbsiHLPxhI6qDJ57pGg7k,Breaking Points,22995639.5,162855764,967,US
www.youtube.com/playlist?list=PL7z9i1p_BDiQo3BzKEWOSwty3doiOpKpg,Ïñ∏ÏïåÎ∞î,8401075.637,162027322,993,KR
www.youtube.com/playlist?list=PL9o6bQUWYNvKj8foUCCdhOgJtmT0cxmHR,–ü–æ–¥–∫–∞—Å—Ç–∏ 24 –ö–∞–Ω–∞–ª—É,30866992.36,159602354,915,UA
www.youtube.com/playlist?list=PLJUaag3PSifOKy4qi2PMc7trVeKlNEo9E,Politik & Wirtschaft,13388743.45,159004927,807,DE
www.youtube.com/playlist?list=PL3ePjvSmTltBNXBc4uzRlp0_23YzVPj4u,Farron Balanced,7872188.807,158085038,947,US
www.youtube.com/playlist?list=PLMRY3cgc4gghkkdtl1B__QYaKryo7deVS,Malam Mencekam Podcast,53880431.45,155087258,145,ID
www.youtube.com/playlist?list=PLrb1XCeNhJUHYrkqYRPfGiHjeNMhFBqXl,Dan Wootton Outspoken,22485068.05,153046149,1346,GB
www.youtube.com/playlist?list=PL9o6bQUWYNvKIaOVMttB_549ssDGwCn-a,–ü–æ–¥–∫–∞—Å—Ç–∏ –Ω–∞ 24 –ö–∞–Ω–∞–ª—ñ,32370504.67,151771578,2076,UA
www.youtube.com/playlist?list=PLD8Xk89jYzqSAjDsjIfndRA1uZKzwIxm-,KILL TONY,105185733.4,150339482,38,US
www.youtube.com/playlist?list=PLYb60_NQUDaH03UtcuHJHdXqD-z0FR1Wf,Sport Shorts,3722987.756,150222586,73,AU
www.youtube.com/playlist?list=PLcL9r1K3TSwpOVyQKP1MruSuY-NS99iQY,Smosh Reads Reddit Stories,77322039.13,148131763,34,US
www.youtube.com/playlist?list=PLJNKzTkCZE9uaKfaz27yuWgFe1XnP19WL,Bulwark Takes,17426777.93,143765969,809,US
www.youtube.com/playlist?list=PL36GQAccexbzeCLQusnecQAquydGw8kBC,Legal AF Podcast,20720722.55,142645391,393,US
www.youtube.com/playlist?list=PL8W6Ur-_5MbZ9GdWPIMvzY0ZBvR4J5-r_,⁄©ŸÑ€åŸæ ⁄©Ÿàÿ™ÿßŸá ÿßÿ≥ÿ™ŸÜÿØ ÿ¢Ÿæ ⁄©ŸÖÿØ€å‚ÄåŸáÿß€å ŸÖ⁄©ÿ≥ ÿßŸÖ€åŸÜ€å,3306153.16,141100170,138,US
www.youtube.com/playlist?list=PLyTkrBgxo5nrKQUrDWBDqrS9sJ49ia3tt,The Adam Mockler Show,9586971.686,139351087,444,US
www.youtube.com/playlist?list=PLzJVLNWKVr6ksDjycE7NpSptOlcaEP-jQ,Financial Audit,59787689.52,139346809,102,US
www.youtube.com/playlist?list=PLY155lJX6_wcTzyjW2sGB4sTT5ZkivwnN,This Past Weekend w/ Theo Von,63668239.37,136577859,59,US
www.youtube.com/playlist?list=PL0tDb4jw6kPymVj5xNNha5PezudD5Qw9L,NBC Nightly News with Tom Llamas,24717134.42,134574604,230,US
www.youtube.com/playlist?list=PLR1ZV0OxIaCubgYNvcvh1UGMNbhbbF60t,–°–í–ï–ñ–ò–ï –ò–ù–¢–ï–†–í–¨–Æ,56653383.77,134481565,614,TR
www.youtube.com/playlist?list=PLN4yoAI6teRO_2ofccBr5IyP1xDra-h91,The Ramsey Show Highlights,11868105.36,130121916,709,US
www.youtube.com/playlist?list=PLV728iQwb_4UmxK1RKu4atAzq3-2mVqVr,[Hablando Huevadas - Podcast],75269991.57,127614670,9,PE
www.youtube.com/playlist?list=PLyDZUKjthVhB7EEwBnM7JthSXFAsmefmi,–ú–∏–∫–æ–ª–∞ –î–∞–≤–∏–¥—é–∫,16643978.04,126362116,593,UA
www.youtube.com/playlist?list=PLYa964dzJh1J545AyFlLepb2Prert15te,The Tucker Carlson Show,47835211.41,122694814,109,US
www.youtube.com/playlist?list=PLnopI_mQNTp9bYm6Zg_VTN_H-86XEr8ll,Podcast,43621903.41,122183971,69,IN
www.youtube.com/playlist?list=PLNXlIeYUj-MEd3bRQpdj3XJGhGcdnR9b4,Timcast News Stories,14925554.34,122137371,687,US
www.youtube.com/playlist?list=PL7RsnmCYoa9ziNm7x5pyrPP9ebXLFNSDT,ROF Daily Updates,5099524.079,119373193,889,US
www.youtube.com/playlist?list=PLDu-Eh5lUs1a4irCbnxMIB6FrUMaTXgVF,"–ü–æ–¥–∫–∞—Å—Ç—ã - –ú–∏—Ä–æ–≤–∞—è –ø–æ–ª–∏—Ç–∏–∫–∞: –°–®–ê, –ö–∏—Ç–∞–π, –†–æ—Å—Å–∏—è, –£–∫—Ä–∞–∏–Ω–∞",42636875.58,117885569,140,US
www.youtube.com/playlist?list=PL4pqo9Uoh0WuUKxw0BmaK1yrg9Kd7E4lk,Shawn Ryan Show,74165036.22,116621019,80,US
www.youtube.com/playlist?list=PLdkm7zcTKfQdVke9NWYKyD7nD5VRKGuoJ,Caso Cerrado - Pleitos familiares con esc√°ndalo,30300292.61,116510234,152,US
www.youtube.com/playlist?list=PLnEUMiZwyaRV72AU1mfl1FYWi3g2hzZma,ü•ä Í∞ïÌéÄÏπò | Îß§Ï£º Ïõî ~ Í∏à_Ïò§Ï†Ñ 10Ïãú 20Î∂Ñ,7479442.868,114917782,1450,KR
www.youtube.com/playlist?list=PLe_SD2FwnwTPgaSUm5QQgzbNKWiqfz3TB,Mon√≥logos,43816803.34,114299431,1,MX
www.youtube.com/playlist?list=PLlHCt9SnkpCjUzX-cFQLuo6MI6-eSxFOw,"BETO RIBEIRO - CRIME, COMPORTAMENTO E MIST√âRIO - PODCAST",49164615.22,111389995,267,BR
www.youtube.com/playlist?list=PLHcsGizlfLMWpSg7i0b9wnUyEZWI-25N3,The Philip DeFranco Show (Every Mon-Tues-Wed-Thurs-Friday!),27321842.9,110670746,145,US
www.youtube.com/playlist?list=PLjiebZ2qABnTQ9rZgK-q9e4pYvCBPMkIs,üëçÏ†ÑÏàòÎØ∏Ïùò Îâ¥Ïä§Ïù∏ÏÇ¨Ïù¥Îã§ & Ïù¥ÏäπÏõêÏùò Îâ¥Ïù∏ÏÇ¨ ÌîÑÎùºÏûÑ ÔΩúüï¢ AM.6:50,16163322.49,110562619,1072,KR
www.youtube.com/playlist?list=PL3bAfMXyZjrPfLIHtd6Phb4R1gBswybSq,ÁéãÂ±ÄÊãçÊ°à,26678677.02,110505511,116,JP
www.youtube.com/playlist?list=PL7yMBvfGphMZ4I5MtC-j6Ioj_K-E0TbwF,Jabab Chay Bangla | ‡¶ú‡¶¨‡¶æ‡¶¨ ‡¶ö‡¶æ‡ßü ‡¶¨‡¶æ‡¶Ç‡¶≤‡¶æ,6176979.301,110449305,2313,IN
www.youtube.com/playlist?list=PLQB9Ri7tRQjSzsDDuQyfy-WdwPFhUz87G,ÊØîÁâπÁéãÊñ∞ËÅû,9353582.913,110050870,281,SG
www.youtube.com/playlist?list=PL2OFHLSeLxlbwO6rXT05DrBpJVdxnjoUH,Sky News All Stars,5042536.347,108943961,247,AU
www.youtube.com/playlist?list=PLgT4yAlk7pY-VrKPsLHzbuhnfIMTkM4rR,Podcast Chunk,5348117.754,106975195,1212,IN
www.youtube.com/playlist?list=PLdjH-Aj8-aOcVTYPlMwjNvmZ5IUnnt-e4,#1 on Trending for Finance,824952.7281,106828769,10,GB
www.youtube.com/playlist?list=PLeJUQNpvU3DQXcF-qdPireAvEuL8LmuID,NADIE DICE NADA,79334048.02,106642131,169,AR
www.youtube.com/playlist?list=PLnekDPNUSODjKglXxnZ4_2hrffs_DmNhP,Penitencia con Saskia Ni√±o de Rivera,43486799.95,105156630,74,MX
www.youtube.com/playlist?list=PLBpiUxZcKxXSE93iSyeHMWEg83so0vIBz,The Intersection with Michael Popok,8669114.619,105141451,909,US
www.youtube.com/playlist?list=PLGsDYQuVKv5c7WLO_-aQbk1-3kn88Q4iU,Global News & Geopolitical Developments,13633107.76,104735867,52,IN
www.youtube.com/playlist?list=PLB83sv5noycv93bXItrCASCiEIddiiumb,Big Bulletin With HR Ranganath,7240402.359,103900635,1454,IN
www.youtube.com/playlist?list=PLTlY-r_NNnuIsBdyUIIH4sj1ro0HTr8Pi,La Cotorrisa - Anecdotarios,55160233.64,103743696,33,MX
www.youtube.com/playlist?list=PLXCxNPtvIXNMfq_c9HxcNLUmPnW7-SVkn,Intens Investigasi,7987920.961,103167748,1045,ID
www.youtube.com/playlist?list=PLGsDYQuVKv5dHq72uu82Awg40Gr8Ew4Iz,India EXPLAINED,12906237.81,102393276,56,IN
www.youtube.com/playlist?list=PLOzBrhftNBgGWZVdiHhQrF8Pw_Dm3Jnia,‚úÖMEMORIA DEL BAL√ìN,4004716.863,101405098,434,CO
www.youtube.com/playlist?list=PLXd5aIyBQ4alsW960CPA63rdD3od-13cj,Direito Estatal (Podcast),10249539.57,101286023,557,US
www.youtube.com/playlist?list=PLVL8S3lUHf0Te3TvS37LaF6dk4rhkc2gg,Conan O'Brien Needs A Friend,12345654.64,99500107,148,US
www.youtube.com/playlist?list=PLYeXRzoBwGeHVguBktW327fxb1tKqLXrR,üöÄÍ≥ºÌïôÏùÑ Î≥¥Îã§üöÄ,30515174.68,99424589,46,KR
www.youtube.com/playlist?list=PLJNKzTkCZE9ulnIZkw1j_4PN7ujikaBo9,Bulwark Super Feed,23733954.91,99025910,1076,US
www.youtube.com/playlist?list=PLzuFY9Ixj9Z4G5-eRHblrmwMOY7tLUCHi,THE WILD PROJECT 1VS1 (CADA JUEVES),67838783.76,97256093,31,ES
www.youtube.com/playlist?list=PLosWRcTJZf2rOxbZAer-9zWvdosM4VRsq,–£—Ä–æ–∫–∏ –ò—Å—Ç–æ—Ä–∏–∏,40156292.25,96701991,36,RU
www.youtube.com/playlist?list=PLFqNXV_mz5lTCeKU9u5efdH3WWJPuQkRT,Jack Cocchiarella Show,8361202.153,96093139,332,US
www.youtube.com/playlist?list=PL8GeBJ1bHgonaokqNMllty-haHch6leVN,Bhoot Dot Com Podcast,34949139.76,95142184,247,BD
www.youtube.com/playlist?list=PLVVhpySbZvKbM5nzaUCAIc4qT4Q-_TlB4,#RolandMartinUnfiltered,16726862.51,94438163,628,US
www.youtube.com/playlist?list=PLyg29bAblsX2bPb2m_to3xiDGcqBQUCIz,Cumicam Indepth,8267725.005,94331332,862,ID
www.youtube.com/playlist?list=PLQWFBACAObMj6W6NyJvSBp_kj2HI33iXN,All Videos,18637775.13,93937607,255,US
www.youtube.com/playlist?list=PLjXzSX7OrM8DVs2yX4UEJTUdQbLCtfAnJ,[Î∞±Ïö¥Í∏∞Ïùò Ï†ïÏπò1Î≤àÏßÄ],29156310.62,93612118,1162,KR
www.youtube.com/playlist?list=PL2DywIam67jvNRUE4On_CeiRHMDG52mJM,ÊñáÊò≠Ë´áÂè§Ë´ñ‰ªä,16332606.49,93581256,112,CA
www.youtube.com/playlist?list=PLIlZe8cHMkHClGxhYOFqA1E38BJe7VHXq,La Cotorrisa - Episodios,49685454,89794207,32,MX
www.youtube.com/playlist?list=PLZpFTzs4efcezZr9oIcfDAfmCh3bMYkP1,The Wronged Hour,11128450.33,89540708,23,IN
www.youtube.com/playlist?list=PL3uIOtSNc2-o6saDR4JmvsKnYmO4xJ58D,Acharya Shri Kaushik Ji Maharaj | ‡§ï‡§•‡§æ ‡§µ‡§æ‡§ö‡§ï | Podcast,4243435.614,89156262,1347,IN
www.youtube.com/playlist?list=PLf_PWmPPx_wY4k2KRV25hv14Oeu2X00wc,ÈüìÂúãÁïôÂ≠∏ÁîüTV,3870760.603,87327051,469,KR
www.youtube.com/playlist?list=PLTpcK80irdQgz9WLvn1yxFWLXbZw20aV7,The Young Turks,9690390.01,87145647,960,US
www.youtube.com/playlist?list=PLpr1zUR-_qIN4v4o529V31XLzYwc8PYqr,ÊñáÊò≠ÊÄùÁ∑íÈ£õÊèöPodcast,14047938.36,86869552,68,CA
www.youtube.com/playlist?list=PLd5zGth6CDdUUI1CUjtUcnM9YTbWMZ9j4,ËÅΩÈáçÈªûÊñ∞ËÅûÔΩú‰∏âÁ´ãÊñ∞ËÅûÂè∞,32308029.99,84565508,1372,TW
www.youtube.com/playlist?list=PLCprSpAj-wvAf6l9ulK_2B_4BrHJM4j1s,"Murder, Mystery & Makeup",44434751.59,84492007,19,US